Section,Subsection,Content
"What Is Maxshot AI","","Maxshot AI is an omni-chain yield optimizer powered by the DeFi Agent Framework, combining on-chain smart contracts with off-chain AI agents to automate and enhance decentralized finance (DeFi) strategies. Unlike traditional DeFi protocols that rely on rigid on-chain logic, Maxshot integrates AI-driven workflows for dynamic, scalable, and user-friendly yield optimization across multiple blockchains. (docs.maxshot.ai)"
"Core Components","AI Agent Engine (Brain)","Maxshot employs a modular AI Agent Engine, where each agent specializes in a specific function:"
"Core Components","AI Agent Engine (Brain) - Collector Agent","Aggregates data on APYs, liquidity, risk, and costs from various markets."
"Core Components","AI Agent Engine (Brain) - Decision-Maker Agent","Formulates yield and liquidity strategies, optimizing allocations."
"Core Components","AI Agent Engine (Brain) - Executor Agent","Executes on-chain actions, such as market deposits, withdrawals, or cross-chain transfers."
"Core Components","AI Agent Engine (Brain) - AI Assistant Agent","Provides user support, facilitates deposits via SDK/widgets, and enables third-party integrations."
"Core Components","AI Agent Engine (Brain) - Keeper Agent","Monitors protocol health, issues alerts, and triggers emergency actions when needed. (docs.maxshot.ai)"
"Core Components","Multi-Chain Interaction Layer (Body)","This layer enables seamless deposits, withdrawals, and allocations across blockchains, ensuring a unified DeFi experience:"
"Core Components","Multi-Chain Interaction Layer (Body) - Interoperability","Utilizes LayerZero for interoperability, allowing assets to move across chains like Ethereum, Arbitrum, Optimism, Base, and BNB Chain."
"Core Components","Multi-Chain Interaction Layer (Body) - Ledger Chain","Implements a dedicated ledger chain (Base) to synchronize vault states across multiple blockchains, creating a truly omnichain DeFi experience."
"Core Components","Multi-Chain Interaction Layer (Body) - Global Vault","Deposits from various chains connect to the same global vault, with OFT-standard share tokens minted upon deposit and can move seamlessly across chains. (docs.maxshot.ai)"
"Key Features","","Cross-Chain & Cross-Protocol: Manage assets seamlessly across multiple blockchains and lending protocols."
"Key Features","","AI-Driven Optimization: Smart AI agents rebalance strategies in real-time to capture the best yield with controlled risk."
"Key Features","","Battle-Tested Protocols: Integrated with trusted DeFi platforms like Curve, Lido, Centrifuge, Morpho, and others."
"Key Features","","Auto-Compounding Yield: Earnings are reinvested automatically to maximize returns and grow your portfolio."
"Key Features","","Flexible Access: Deposit or withdraw funds anytime with no lock-ups, penalties, or hidden restrictions. (docs.maxshot.ai)"
"Security & Governance","","Maxshot AI incorporates robust governance and safety measures to protect users:"
"Security & Governance","Curator","Sets high-level vault parameters and oversees strategy governance."
"Security & Governance","Guardian","Acts as an emergency stop and monitor, co-signing critical transactions and can veto or pause actions if something seems off."
"Security & Governance","Allocator","Interfaces directly with smart contracts to carry out deposits, withdrawals, and rebalancing transactions according to the strategy. (docs.maxshot.ai)"
"Use Cases","For Individual Users (C-side)","Deposit stablecoins or supported assets into Maxshot AI-managed vaults. AI agents handle everything automatically — from selecting optimal markets to rebalancing allocations in real-time. No manual intervention or advanced DeFi knowledge is required, making sophisticated yield strategies effortless. (docs.maxshot.ai)"
"Use Cases","For Builders (B-side Curators & Platforms)","Leverage Maxshot AI to manage vaults on their behalf. Offer communities AI-driven, fully automated yield optimization without developing infrastructure or managing strategies manually. Maxshot AI handles allocation, risk management, and cross-chain operations, enabling platforms to focus on user engagement, governance, and product expansion. (docs.maxshot.ai)"
"DeFi Operating System","","Maxshot AI represents a shift from fragmented, chain-specific protocols to a unified, intelligent fabric for finance:"
"DeFi Operating System","Autonomous Yield Vaults","Vaults that continuously optimize returns across protocols and chains — no human oversight required."
"DeFi Operating System","Global Liquidity DEXs","Liquidity pooled globally, making swaps more efficient and markets deeper."
"DeFi Operating System","Omni-Chain Lending & Borrowing","Collateral deposited on one chain can instantly back loans on another, unlocking capital efficiency across the entire DeFi landscape."
"DeFi Operating System","Composable Extensions","Infrastructure that can power derivatives, RWA tokenization, or stablecoin systems — all benefiting from AI-driven automation and seamless multi-chain execution. (docs.maxshot.ai)"
"Additional Information","","For more detailed information and updates, visit the official Maxshot AI documentation: docs.maxshot.ai"
